{
    "accuracy": 0.9991573329588147,
    "precision": 0.8289473684210527,
    "recall": 0.6428571428571429,
    "f1_score": 0.7241379310344828,
    "mcc": 0.7295956683443172,
    "confusion_matrix": [
        [
            56851,
            13
        ],
        [
            35,
            63
        ]
    ],
    "evaluated_at": "2025-12-30T14:57:37.509104"
}